[{"version":"Current","url":"/bootstrap"},{"version":"1.2.1","url":"/bootstrap/versioned-docs/1.2.1"},{"version":"1.2.0","url":"/bootstrap/versioned-docs/1.2.0"},{"version":"1.1.2","url":"/bootstrap/versioned-docs/1.1.2"},{"version":"1.1.1","url":"/bootstrap/versioned-docs/1.1.1"},{"version":"1.1.0","url":"/bootstrap/versioned-docs/1.1.0"},{"version":"1.0.3","url":"/bootstrap/versioned-docs/1.0.3"},{"version":"1.0.2","url":"/bootstrap/versioned-docs/1.0.2"},{"version":"1.0.1","url":"/bootstrap/versioned-docs/1.0.1"},{"version":"1.0.0","url":"/bootstrap/versioned-docs/1.0.0"},{"version":"0.14.3","url":"/bootstrap/versioned-docs/0.14.3"},{"version":"0.14.2","url":"/bootstrap/versioned-docs/0.14.2"},{"version":"0.14.1","url":"/bootstrap/versioned-docs/0.14.1"},{"version":"0.14.0","url":"/bootstrap/versioned-docs/0.14.0"},{"version":"0.13.4","url":"/bootstrap/versioned-docs/0.13.4"},{"version":"0.13.3","url":"/bootstrap/versioned-docs/0.13.3"},{"version":"0.13.2","url":"/bootstrap/versioned-docs/0.13.2"},{"version":"0.13.1","url":"/bootstrap/versioned-docs/0.13.1"},{"version":"0.13.0","url":"/bootstrap/versioned-docs/0.13.0"},{"version":"0.12.1","url":"/bootstrap/versioned-docs/0.12.1"},{"version":"0.12.0","url":"/bootstrap/versioned-docs/0.12.0"}]